previous_graph_slot,current_graph_slot,slot_gap,previous_edges,current_edges,intersection_edges,union_edges,added_edges,removed_edges,edge_jaccard,weighted_cosine,relative_frobenius_change
0,1,1,100,100,74,126,26,26,0.5873015873015873,0.8910752101343565,0.4818852861659248
1,2,1,100,100,70,130,30,30,0.5384615384615384,0.8687214270484652,0.5041965819790466
2,3,1,100,100,74,126,26,26,0.5873015873015873,0.8890480198099632,0.46551889860636614
3,4,1,100,100,70,130,30,30,0.5384615384615384,0.8763392333662308,0.5037552195911299
4,5,1,100,100,71,129,29,29,0.5503875968992248,0.8560966798875026,0.5211361477315766
5,6,1,100,100,64,136,36,36,0.47058823529411764,0.8196922974911055,0.620372574758321
6,7,1,100,100,81,119,19,19,0.680672268907563,0.9242859093232197,0.3873572550638134
7,8,1,100,100,70,130,30,30,0.5384615384615384,0.8697686457977617,0.5114731797651467
8,9,1,100,100,74,126,26,26,0.5873015873015873,0.870385091805676,0.5417729411082044
9,10,1,100,100,74,126,26,26,0.5873015873015873,0.8832433818538709,0.4717899066544774
10,11,1,100,100,76,124,24,24,0.6129032258064516,0.9016890482371531,0.4480389088391953
11,12,1,100,100,73,127,27,27,0.5748031496062992,0.8894955155763264,0.4755963564316262
12,13,1,100,100,75,125,25,25,0.6,0.8850680617974356,0.4705036164414674
13,14,1,100,100,62,138,38,38,0.4492753623188406,0.8233715626100963,0.5933876930713352
14,15,1,100,100,75,125,25,25,0.6,0.9012884963206268,0.4476583146615283
15,16,1,100,100,66,134,34,34,0.4925373134328358,0.8673339213063738,0.5181170159447929
16,17,1,100,100,70,130,30,30,0.5384615384615384,0.8437176938725564,0.5992147965583365
17,18,1,100,100,79,121,21,21,0.6528925619834711,0.9002555650641484,0.4395509852927248
18,19,1,100,100,68,132,32,32,0.5151515151515151,0.8586658133443492,0.5313100056520494
19,20,1,100,100,73,127,27,27,0.5748031496062992,0.8970802835653408,0.46058007843849275
20,21,1,100,100,81,119,19,19,0.680672268907563,0.9097798522256975,0.4276427327075911
21,22,1,100,100,75,125,25,25,0.6,0.8827477196497144,0.483376743066416
22,23,1,100,100,76,124,24,24,0.6129032258064516,0.9041546705097993,0.439505871795544
23,24,1,100,100,75,125,25,25,0.6,0.8702103975524904,0.5798486810530153
24,25,1,100,100,77,123,23,23,0.6260162601626016,0.9000736451727875,0.4403475478430298
25,26,1,100,100,77,123,23,23,0.6260162601626016,0.9108835140926821,0.4273901220241915
26,27,1,100,100,79,121,21,21,0.6528925619834711,0.9233105779602907,0.3894721480876035
27,28,1,100,100,76,124,24,24,0.6129032258064516,0.8576524611548529,0.5186813185491725
28,29,1,100,100,77,123,23,23,0.6260162601626016,0.8889268594597677,0.4649887761829011
29,30,1,100,100,74,126,26,26,0.5873015873015873,0.9024744120123604,0.43368951147571755
30,31,1,100,100,77,123,23,23,0.6260162601626016,0.9084530730200362,0.4292982147495904
31,32,1,100,100,86,114,14,14,0.7543859649122807,0.9514180394503223,0.31158708678902974
32,33,1,100,100,84,116,16,16,0.7241379310344828,0.9360440712570118,0.35896831153691117
33,34,1,100,100,84,116,16,16,0.7241379310344828,0.9355530486209959,0.3574415572534206
34,35,1,100,100,82,118,18,18,0.6949152542372882,0.93909589974994,0.3512855485620054
35,36,1,100,100,74,126,26,26,0.5873015873015873,0.9005370920562327,0.44326529894323297
36,37,1,100,100,78,122,22,22,0.639344262295082,0.9187351024744662,0.4114741044055758
37,38,1,100,100,72,128,28,28,0.5625,0.8999458267993968,0.4433639676946408
38,39,1,100,100,89,111,11,11,0.8018018018018018,0.9582994959562079,0.2865725366663498
39,40,1,100,100,80,120,20,20,0.6666666666666666,0.915881613989582,0.406402990783639
40,41,1,100,100,75,125,25,25,0.6,0.9167734064876795,0.41014230267760554
41,42,1,100,100,74,126,26,26,0.5873015873015873,0.9081425779415682,0.4295013797243767
42,43,1,100,100,82,118,18,18,0.6949152542372882,0.9344908298339425,0.3679528715356937
43,44,1,100,100,75,125,25,25,0.6,0.902671165342547,0.44077503859488987
44,45,1,100,100,81,119,19,19,0.680672268907563,0.9330966103206721,0.36412466128987425
45,46,1,100,100,77,123,23,23,0.6260162601626016,0.9046608075309489,0.4515545833798688
46,47,1,100,100,80,120,20,20,0.6666666666666666,0.9166721669688433,0.4078325040294175
47,48,1,100,100,78,122,22,22,0.639344262295082,0.9032830475020922,0.440221808251348
48,49,1,100,100,76,124,24,24,0.6129032258064516,0.8994640077834786,0.44643009251639515
49,50,1,100,100,82,118,18,18,0.6949152542372882,0.9290697870627098,0.376009915632882
50,51,1,100,100,79,121,21,21,0.6528925619834711,0.9268110272637479,0.3797904473274076
51,52,1,100,100,76,124,24,24,0.6129032258064516,0.9139630132803243,0.4078861762607409
52,53,1,100,100,69,131,31,31,0.5267175572519084,0.8850353144314742,0.506444837791654
53,54,1,100,100,76,124,24,24,0.6129032258064516,0.9222151396367035,0.3949875107978426
54,55,1,100,100,76,124,24,24,0.6129032258064516,0.9008966719335945,0.4547286531166198
55,56,1,100,100,74,126,26,26,0.5873015873015873,0.8664708672575021,0.506985601090584
56,57,1,100,100,82,118,18,18,0.6949152542372882,0.9355662184340725,0.3559120808010382
57,58,1,100,100,79,121,21,21,0.6528925619834711,0.8958988772533925,0.4712339577789078
58,59,1,100,100,84,116,16,16,0.7241379310344828,0.9310722836775551,0.37332077173791123
59,60,1,100,100,79,121,21,21,0.6528925619834711,0.9302605901386801,0.37448375019219104
60,61,1,100,100,81,119,19,19,0.680672268907563,0.9146158194238072,0.4043819382315983
61,62,1,100,100,79,121,21,21,0.6528925619834711,0.9185579317806835,0.41355066845879984
62,63,1,100,100,82,118,18,18,0.6949152542372882,0.9284635387301211,0.3815003850465511
63,64,1,100,100,75,125,25,25,0.6,0.8932961424998671,0.47539698628127663
64,65,1,100,100,77,123,23,23,0.6260162601626016,0.8875982658813064,0.4652480446143081
65,66,1,100,100,81,119,19,19,0.680672268907563,0.8847159102408106,0.4850480029356635
66,67,1,100,100,71,129,29,29,0.5503875968992248,0.8730714547650354,0.49940330091880386
67,68,1,100,100,82,118,18,18,0.6949152542372882,0.9188227396151644,0.4074038923651323
68,69,1,100,100,73,127,27,27,0.5748031496062992,0.8758467348782122,0.4974431732127356
69,70,1,100,100,79,121,21,21,0.6528925619834711,0.9042480531709353,0.43203452795922676
70,71,1,100,100,77,123,23,23,0.6260162601626016,0.908900945550724,0.43022543915639133
71,72,1,100,100,82,118,18,18,0.6949152542372882,0.937776121331126,0.3540465162979595
72,73,1,100,100,81,119,19,19,0.680672268907563,0.9141015808492712,0.41064861121855367
73,74,1,100,100,78,122,22,22,0.639344262295082,0.9030558214492914,0.43707863156163507
74,75,1,100,100,75,125,25,25,0.6,0.8874551707109621,0.48612229374543847
75,76,1,100,100,70,130,30,30,0.5384615384615384,0.865520285650144,0.5131781043595088
76,77,1,100,100,74,126,26,26,0.5873015873015873,0.8912628481452838,0.4619637440863255
77,78,1,100,100,72,128,28,28,0.5625,0.8923527934652442,0.4610036931142997
78,79,1,100,100,76,124,24,24,0.6129032258064516,0.8880845940630244,0.47417734174392473
79,80,1,100,100,85,115,15,15,0.7391304347826086,0.9453223958926196,0.33372640934455494
80,81,1,100,100,83,117,17,17,0.7094017094017094,0.9246443425917191,0.39792795337237
81,82,1,100,100,81,119,19,19,0.680672268907563,0.9234103686147028,0.3885029210988509
82,83,1,100,100,86,114,14,14,0.7543859649122807,0.944582261394247,0.33455509248140086
83,84,1,100,100,80,120,20,20,0.6666666666666666,0.8911235431449142,0.45512850222158513
84,85,1,100,100,79,121,21,21,0.6528925619834711,0.9183590967345269,0.4058735221249278
85,86,1,100,100,71,129,29,29,0.5503875968992248,0.8443247144523408,0.5660608760437249
86,87,1,100,100,73,127,27,27,0.5748031496062992,0.8911984058621466,0.4716241021139219
87,88,1,100,100,89,111,11,11,0.8018018018018018,0.9621901921357507,0.2792141898309904
88,89,1,100,100,74,126,26,26,0.5873015873015873,0.8832824385788357,0.48274867802982846
89,90,1,100,100,68,132,32,32,0.5151515151515151,0.8614870998948022,0.5280753436843616
90,91,1,100,100,84,116,16,16,0.7241379310344828,0.9272835528431229,0.3777522788397939
91,92,1,100,100,71,129,29,29,0.5503875968992248,0.8874284683173299,0.47671467530917117
92,93,1,100,100,77,123,23,23,0.6260162601626016,0.9059083489865556,0.43869802653467127
93,94,1,100,100,78,122,22,22,0.639344262295082,0.881266808568181,0.47344177435069557
94,95,1,100,100,79,121,21,21,0.6528925619834711,0.8896374464416072,0.5022276195577551
95,96,1,100,100,72,128,28,28,0.5625,0.8504511240238928,0.5286862646386402
96,97,1,100,100,79,121,21,21,0.6528925619834711,0.9067155642266306,0.435845808754889
97,98,1,100,100,77,123,23,23,0.6260162601626016,0.8753740765798391,0.5011268814513342
98,99,1,100,100,80,120,20,20,0.6666666666666666,0.9166383814003818,0.4157844516156402
99,100,1,100,100,80,120,20,20,0.6666666666666666,0.9096437402519464,0.4396971453080941
100,101,1,100,100,81,119,19,19,0.680672268907563,0.9136161858070718,0.41597669988270886
101,102,1,100,100,83,117,17,17,0.7094017094017094,0.9016908417375155,0.4541919141191161
102,103,1,100,100,77,123,23,23,0.6260162601626016,0.8732363323614912,0.489293005109649
103,104,1,100,100,80,120,20,20,0.6666666666666666,0.9123848299655419,0.4186204810347424
104,105,1,100,100,87,113,13,13,0.7699115044247787,0.9548954262973882,0.3055281733449263
105,106,1,100,100,82,118,18,18,0.6949152542372882,0.9226544864798101,0.3896095309507074
106,107,1,100,100,79,121,21,21,0.6528925619834711,0.9019346152054185,0.44108118299057414
107,108,1,100,100,76,124,24,24,0.6129032258064516,0.8988601306310523,0.4475422454125549
108,109,1,100,100,78,122,22,22,0.639344262295082,0.9092163895328417,0.4207619105380196
109,110,1,100,100,72,128,28,28,0.5625,0.8843298126427779,0.49088738861860814
110,111,1,100,100,85,115,15,15,0.7391304347826086,0.9344893639318919,0.3583599779942201
111,112,1,100,100,85,115,15,15,0.7391304347826086,0.9265115831627205,0.38678129483422924
112,113,1,100,100,77,123,23,23,0.6260162601626016,0.8864877295321166,0.48289178770134283
113,114,1,100,100,78,122,22,22,0.639344262295082,0.9120773182816874,0.4132268566276077
114,115,1,100,100,78,122,22,22,0.639344262295082,0.8956103614491039,0.4692532219958827
115,116,1,100,100,85,115,15,15,0.7391304347826086,0.9453341549025701,0.3330956005594983
116,117,1,100,100,79,121,21,21,0.6528925619834711,0.9302559092703426,0.3802712390730508
117,118,1,100,100,83,117,17,17,0.7094017094017094,0.9160761225291087,0.40104241843112143
118,119,1,100,100,81,119,19,19,0.680672268907563,0.9021347491484657,0.4426692005906845
119,120,1,100,100,73,127,27,27,0.5748031496062992,0.8589052408684937,0.5194648566410747
120,121,1,100,100,76,124,24,24,0.6129032258064516,0.8796220435933291,0.49070642616096627
121,122,1,100,100,82,118,18,18,0.6949152542372882,0.9195327280149801,0.401704501053476
122,123,1,100,100,84,116,16,16,0.7241379310344828,0.9297026719972156,0.3722858396262079
123,124,1,100,100,80,120,20,20,0.6666666666666666,0.9087161762961319,0.43297131272013467
124,125,1,100,100,75,125,25,25,0.6,0.8827758834878753,0.484491736844675
125,126,1,100,100,78,122,22,22,0.639344262295082,0.8996122482679298,0.44279534128042103
126,127,1,100,100,80,120,20,20,0.6666666666666666,0.9211620654002675,0.4028759438380906
127,128,1,100,100,77,123,23,23,0.6260162601626016,0.8648660697305025,0.5735618447138359
128,129,1,100,100,81,119,19,19,0.680672268907563,0.9139272508461922,0.41561337016871625
129,130,1,100,100,83,117,17,17,0.7094017094017094,0.9350515833536694,0.3590909491784393
130,131,1,100,100,80,120,20,20,0.6666666666666666,0.9292797276088368,0.3768072624015314
131,132,1,100,100,80,120,20,20,0.6666666666666666,0.930735217038402,0.37825282170564084
132,133,1,100,100,81,119,19,19,0.680672268907563,0.9400382040652565,0.34784743706659255
133,134,1,100,100,81,119,19,19,0.680672268907563,0.9266453243455065,0.38634268758909895
134,135,1,100,100,77,123,23,23,0.6260162601626016,0.8780656968929013,0.5030078716918048
135,136,1,100,100,84,116,16,16,0.7241379310344828,0.9450223118340634,0.3403463105680882
136,137,1,100,100,80,120,20,20,0.6666666666666666,0.9324675373414643,0.3724483423540442
137,138,1,100,100,78,122,22,22,0.639344262295082,0.8863648988782358,0.46298989542479774
138,139,1,100,100,80,120,20,20,0.6666666666666666,0.9144637488785347,0.41002897655898046
139,140,1,100,100,79,121,21,21,0.6528925619834711,0.9185133843660936,0.402519016427045
140,141,1,100,100,80,120,20,20,0.6666666666666666,0.9111246248769049,0.44738688512277025
141,142,1,100,100,80,120,20,20,0.6666666666666666,0.9321627025580865,0.36576077641965166
142,143,1,100,100,85,115,15,15,0.7391304347826086,0.9557401117079695,0.2968088364227947
143,144,1,100,100,85,115,15,15,0.7391304347826086,0.9585396896466264,0.2895856962639535
144,145,1,100,100,80,120,20,20,0.6666666666666666,0.9393567566704318,0.34813433490578
145,146,1,100,100,85,115,15,15,0.7391304347826086,0.9614181337530002,0.27647707774888436
146,147,1,100,100,87,113,13,13,0.7699115044247787,0.9608196303254344,0.2827541634121738
147,148,1,100,100,81,119,19,19,0.680672268907563,0.9319942269077941,0.3642531268226919
148,149,1,100,100,73,127,27,27,0.5748031496062992,0.8638906579027488,0.510380184657862
149,150,1,100,100,82,118,18,18,0.6949152542372882,0.9283403607043781,0.37567498138028893
150,151,1,100,100,80,120,20,20,0.6666666666666666,0.9310457602665531,0.371470653977431
151,152,1,100,100,82,118,18,18,0.6949152542372882,0.9243683085687504,0.3940083208317873
152,153,1,100,100,89,111,11,11,0.8018018018018018,0.9540551707541147,0.3070240079183229
153,154,1,100,100,78,122,22,22,0.639344262295082,0.8848792701207978,0.493850994941072
154,155,1,100,100,83,117,17,17,0.7094017094017094,0.9352341845067028,0.36659778660583375
155,156,1,100,100,84,116,16,16,0.7241379310344828,0.960431757085747,0.28378063341502785
156,157,1,100,100,81,119,19,19,0.680672268907563,0.9252462443935494,0.3840105036675607
157,158,1,100,100,80,120,20,20,0.6666666666666666,0.9203092628236664,0.404692840791337
158,159,1,100,100,82,118,18,18,0.6949152542372882,0.9359559232778708,0.3608288697691144
159,160,1,100,100,78,122,22,22,0.639344262295082,0.9137898522111707,0.41103894300130844
160,161,1,100,100,81,119,19,19,0.680672268907563,0.9291103739341864,0.3765325763444698
161,162,1,100,100,83,117,17,17,0.7094017094017094,0.9357525447534506,0.360212087813867
162,163,1,100,100,83,117,17,17,0.7094017094017094,0.9526284754520268,0.3068709522893038
163,164,1,100,100,84,116,16,16,0.7241379310344828,0.9497198944918036,0.3167621765791455
164,165,1,100,100,82,118,18,18,0.6949152542372882,0.9451601052748114,0.3340172735908423
165,166,1,100,100,84,116,16,16,0.7241379310344828,0.9543533636805447,0.30223419552822384
166,167,1,100,100,74,126,26,26,0.5873015873015873,0.9004607849821239,0.46895782897874283
167,168,1,100,100,81,119,19,19,0.680672268907563,0.9532711329260246,0.3158098090042915
168,169,1,100,100,80,120,20,20,0.6666666666666666,0.9501908988721114,0.31545589033498206
169,170,1,100,100,92,108,8,8,0.8518518518518519,0.9537722269120935,0.30078083403116057
170,171,1,100,100,88,112,12,12,0.7857142857142857,0.9527137823958552,0.308069310209799
171,172,1,100,100,84,116,16,16,0.7241379310344828,0.9340054834739506,0.3587598075248467
172,173,1,100,100,86,114,14,14,0.7543859649122807,0.9650155454300263,0.2646207968265193
173,174,1,100,100,84,116,16,16,0.7241379310344828,0.9591623687865066,0.28505566443812064
174,175,1,100,100,83,117,17,17,0.7094017094017094,0.954978408116059,0.3012480103598541
175,176,1,100,100,84,116,16,16,0.7241379310344828,0.9589030073049893,0.2871354601543947
176,177,1,100,100,78,122,22,22,0.639344262295082,0.9382918313967606,0.35407315454850147
177,178,1,100,100,81,119,19,19,0.680672268907563,0.9546551682565573,0.3060503104821657
178,179,1,100,100,83,117,17,17,0.7094017094017094,0.9609122765088602,0.2777312499169668
179,180,1,100,100,86,114,14,14,0.7543859649122807,0.9654797128260578,0.26078393128464994
180,181,1,100,100,85,115,15,15,0.7391304347826086,0.9592919556492748,0.2897362964494358
181,182,1,100,100,86,114,14,14,0.7543859649122807,0.9628189675488711,0.27219065835529554
182,183,1,100,100,82,118,18,18,0.6949152542372882,0.9528068503139373,0.30900845060138293
183,184,1,100,100,89,111,11,11,0.8018018018018018,0.9763084209185349,0.21686826789820213
184,185,1,100,100,82,118,18,18,0.6949152542372882,0.9521588919442577,0.30748977108946757
185,186,1,100,100,82,118,18,18,0.6949152542372882,0.9390068480894119,0.34399911378638826
186,187,1,100,100,83,117,17,17,0.7094017094017094,0.9517941144184813,0.30926519513227474
187,188,1,100,100,83,117,17,17,0.7094017094017094,0.9434917545675114,0.33672541250872884
188,189,1,100,100,84,116,16,16,0.7241379310344828,0.958303950856025,0.28738928033122735
189,190,1,100,100,86,114,14,14,0.7543859649122807,0.9623853502571204,0.2723585817390069
190,191,1,100,100,89,111,11,11,0.8018018018018018,0.9515710565078309,0.317519997784749
191,192,1,100,100,80,120,20,20,0.6666666666666666,0.9277127575090867,0.3733884834150378
192,193,1,100,100,77,123,23,23,0.6260162601626016,0.9190062206391013,0.41857673584110616
193,194,1,100,100,81,119,19,19,0.680672268907563,0.9479335552735149,0.31931774283176473
194,195,1,100,100,75,125,25,25,0.6,0.9300951559275168,0.37803692059439103
195,196,1,100,100,82,118,18,18,0.6949152542372882,0.9528095723079186,0.3068629254960195
196,197,1,100,100,84,116,16,16,0.7241379310344828,0.9531902088585372,0.30639357161850617
197,198,1,100,100,80,120,20,20,0.6666666666666666,0.9329235691503505,0.36342470888813
198,199,1,100,100,82,118,18,18,0.6949152542372882,0.9290277372167881,0.37812143296359435
199,200,1,100,100,81,119,19,19,0.680672268907563,0.9413196422450658,0.342596041176601
200,201,1,100,100,87,113,13,13,0.7699115044247787,0.9590394376916959,0.2865568473142467
201,202,1,100,100,88,112,12,12,0.7857142857142857,0.9660256383119847,0.25951543301168756
202,203,1,100,100,82,118,18,18,0.6949152542372882,0.9449305142489157,0.32986951176384965
203,204,1,100,100,83,117,17,17,0.7094017094017094,0.9417943738824546,0.35414414506307695
204,205,1,100,100,80,120,20,20,0.6666666666666666,0.9347443711569264,0.3567489578939614
205,206,1,100,100,82,118,18,18,0.6949152542372882,0.9412990426027124,0.34230888657454184
206,207,1,100,100,81,119,19,19,0.680672268907563,0.9285741049425577,0.38497598130266286
207,208,1,100,100,80,120,20,20,0.6666666666666666,0.930672895199981,0.3674248935916999
208,209,1,100,100,79,121,21,21,0.6528925619834711,0.9210928688634586,0.3994163791855321
209,210,1,100,100,82,118,18,18,0.6949152542372882,0.9301915653938393,0.37698822455087444
210,211,1,100,100,83,117,17,17,0.7094017094017094,0.9431720836511797,0.3338759864840304
211,212,1,100,100,80,120,20,20,0.6666666666666666,0.9336134283957165,0.3649092339724359
212,213,1,100,100,82,118,18,18,0.6949152542372882,0.9382236306720804,0.3518533394051822
213,214,1,100,100,81,119,19,19,0.680672268907563,0.9291263128412186,0.3755830453873027
214,215,1,100,100,79,121,21,21,0.6528925619834711,0.9169955065752253,0.4100253653824501
215,216,1,100,100,83,117,17,17,0.7094017094017094,0.9524127254489907,0.3064570715789893
216,217,1,100,100,83,117,17,17,0.7094017094017094,0.950550876284975,0.3148154024430821
217,218,1,100,100,84,116,16,16,0.7241379310344828,0.9457809550850724,0.3303579645815872
218,219,1,100,100,85,115,15,15,0.7391304347826086,0.9551539288018129,0.2980388211946753
219,220,1,100,100,82,118,18,18,0.6949152542372882,0.9406154458685506,0.3414126565316425
220,221,1,100,100,88,112,12,12,0.7857142857142857,0.9633229557812435,0.2723654906827995
221,222,1,100,100,78,122,22,22,0.639344262295082,0.9334515336536532,0.36998979435187995
222,223,1,100,100,78,122,22,22,0.639344262295082,0.9389888261666284,0.3483766259717221
223,224,1,100,100,83,117,17,17,0.7094017094017094,0.9538668493428489,0.30288083272182004
224,225,1,100,100,78,122,22,22,0.639344262295082,0.9398802304433651,0.34835386371981747
225,226,1,100,100,83,117,17,17,0.7094017094017094,0.9576908802345185,0.2904395106947085
226,227,1,100,100,81,119,19,19,0.680672268907563,0.9478989674438761,0.3230586704068881
227,228,1,100,100,79,121,21,21,0.6528925619834711,0.9447109873475602,0.3326506856563748
228,229,1,100,100,81,119,19,19,0.680672268907563,0.9484913959849565,0.3218870356913946
229,230,1,100,100,80,120,20,20,0.6666666666666666,0.9375109189449624,0.3577916868486661
230,231,1,100,100,76,124,24,24,0.6129032258064516,0.9353643297479911,0.3547348085528908
231,232,1,100,100,80,120,20,20,0.6666666666666666,0.9464820766948431,0.32757533943100564
232,233,1,100,100,82,118,18,18,0.6949152542372882,0.9471334369473575,0.3224265190619683
233,234,1,100,100,82,118,18,18,0.6949152542372882,0.949387851021271,0.31726487685155536
234,235,1,100,100,82,118,18,18,0.6949152542372882,0.9519941562418376,0.3080194254179923
235,236,1,100,100,76,124,24,24,0.6129032258064516,0.9257793511776784,0.3897072429755328
236,237,1,100,100,73,127,27,27,0.5748031496062992,0.9132813895401858,0.41651201675384314
237,238,1,100,100,81,119,19,19,0.680672268907563,0.9446494174478202,0.3356952743306865
238,239,1,100,100,78,122,22,22,0.639344262295082,0.9334584794891838,0.3691790964872564
239,240,1,100,100,78,122,22,22,0.639344262295082,0.9346647310266388,0.3584640058629779
240,241,1,100,100,78,122,22,22,0.639344262295082,0.9388781878547678,0.3521993666443982
241,242,1,100,100,83,117,17,17,0.7094017094017094,0.9562231561488439,0.2941889174967717
242,243,1,100,100,79,121,21,21,0.6528925619834711,0.9328476613927568,0.37399852094475333
243,244,1,100,100,82,118,18,18,0.6949152542372882,0.9550992000289219,0.297485116422921
244,245,1,100,100,80,120,20,20,0.6666666666666666,0.9331205865538137,0.36563951310495546
245,246,1,100,100,85,115,15,15,0.7391304347826086,0.9423444364168558,0.34067937703441253
246,247,1,100,100,83,117,17,17,0.7094017094017094,0.9505569163550434,0.3147252058905125
247,248,1,100,100,84,116,16,16,0.7241379310344828,0.9437289769401243,0.33341120541308056
248,249,1,100,100,84,116,16,16,0.7241379310344828,0.9515981160531872,0.31374642666103236
249,250,1,100,100,79,121,21,21,0.6528925619834711,0.9347088952373636,0.35851673522454724
250,251,1,100,100,85,115,15,15,0.7391304347826086,0.9620267488348679,0.2737002594471092
251,252,1,100,100,81,119,19,19,0.680672268907563,0.933416925925512,0.3625040176495806
252,253,1,100,100,77,123,23,23,0.6260162601626016,0.9130825396933854,0.42881366552973954
253,254,1,100,100,82,118,18,18,0.6949152542372882,0.9415770857457731,0.3409358355270702
254,255,1,100,100,86,114,14,14,0.7543859649122807,0.9544043447637772,0.3028807857112329
255,256,1,100,100,91,109,9,9,0.8348623853211009,0.9711968998097282,0.23842687443461813
256,257,1,100,100,84,116,16,16,0.7241379310344828,0.9508987478923441,0.31667201844607884
257,258,1,100,100,84,116,16,16,0.7241379310344828,0.9508854213975518,0.3144912014499346
258,259,1,100,100,82,118,18,18,0.6949152542372882,0.9339415491854371,0.35980778467468094
259,260,1,100,100,77,123,23,23,0.6260162601626016,0.9099854038928012,0.43041245871944916
260,261,1,100,100,84,116,16,16,0.7241379310344828,0.9349961368997733,0.3625599860706515
261,262,1,100,100,78,122,22,22,0.639344262295082,0.9182234022104909,0.40145842689590516
262,263,1,100,99,81,118,18,19,0.6864406779661016,0.9323153305812261,0.36601318924673565
263,264,1,99,100,81,118,19,18,0.6864406779661016,0.9240657597596824,0.38808591691436706
264,265,1,100,100,81,119,19,19,0.680672268907563,0.9445259481844984,0.34273472524637894
265,266,1,100,100,86,114,14,14,0.7543859649122807,0.9558570132792716,0.2939847924386978
266,267,1,100,100,75,125,25,25,0.6,0.8986205512356016,0.44911818700908135
267,268,1,100,100,83,117,17,17,0.7094017094017094,0.9547271339446474,0.30203833163836824
268,269,1,100,100,78,122,22,22,0.639344262295082,0.9288735065469117,0.3734701783939321
269,270,1,100,100,83,117,17,17,0.7094017094017094,0.9503360741636422,0.31573972144319545
270,271,1,100,100,83,117,17,17,0.7094017094017094,0.9546182977559176,0.2998778616552822
271,272,1,100,100,74,126,26,26,0.5873015873015873,0.9147993166000176,0.4125434705147751
272,273,1,100,100,79,121,21,21,0.6528925619834711,0.9351094537375103,0.3597013380389635
273,274,1,100,100,74,126,26,26,0.5873015873015873,0.8624674219297189,0.5091362587612649
274,275,1,100,100,77,123,23,23,0.6260162601626016,0.8588331526744115,0.5672037364137507
275,276,1,100,100,80,120,20,20,0.6666666666666666,0.9462926537652201,0.32676785427438243
276,277,1,100,100,80,120,20,20,0.6666666666666666,0.9314007005528988,0.3690693087750645
277,278,1,100,100,82,118,18,18,0.6949152542372882,0.944030162371509,0.3380477672438584
278,279,1,100,100,79,121,21,21,0.6528925619834711,0.9405373475911831,0.3429958130705891
279,280,1,100,100,74,126,26,26,0.5873015873015873,0.9099111483558504,0.4223646018684838
280,281,1,100,100,82,118,18,18,0.6949152542372882,0.9473138275318118,0.3253030910506948
281,282,1,100,100,83,117,17,17,0.7094017094017094,0.9362639741127811,0.3653003588074435
282,283,1,100,100,81,119,19,19,0.680672268907563,0.9426584357625083,0.33428897929787077
283,284,1,100,100,79,121,21,21,0.6528925619834711,0.9259401055228185,0.3838130251967303
284,285,1,100,100,75,125,25,25,0.6,0.9007944493307616,0.4668327686912083
285,286,1,100,100,78,122,22,22,0.639344262295082,0.9209236774523073,0.3922574675424546
286,287,1,100,100,77,123,23,23,0.6260162601626016,0.9299990484024351,0.3764640638355113
287,288,1,100,100,79,121,21,21,0.6528925619834711,0.9346208872984583,0.3586948861529916
288,289,1,100,100,79,121,21,21,0.6528925619834711,0.9301582730130054,0.37758134473438704
289,290,1,100,100,83,117,17,17,0.7094017094017094,0.9480108570280222,0.3240517511330334
290,291,1,100,100,78,122,22,22,0.639344262295082,0.9271033405108291,0.38116932114558355
291,292,1,100,100,78,122,22,22,0.639344262295082,0.8926892347399239,0.4506738414782425
292,293,1,100,100,82,118,18,18,0.6949152542372882,0.9374887005376256,0.35144281886765594
293,294,1,100,100,82,118,18,18,0.6949152542372882,0.9162821046991345,0.4329766558820037
294,295,1,100,100,83,117,17,17,0.7094017094017094,0.9099598022976471,0.4198317661281543
295,296,1,100,100,88,112,12,12,0.7857142857142857,0.9533320874620893,0.30277829401638223
296,297,1,100,100,79,121,21,21,0.6528925619834711,0.8990866577295821,0.44359078478695513
297,298,1,100,100,81,119,19,19,0.680672268907563,0.9215189235078971,0.4038677950337129
298,299,1,100,100,86,114,14,14,0.7543859649122807,0.9505544216635572,0.31343291212370117
299,300,1,100,100,77,123,23,23,0.6260162601626016,0.9139733042902867,0.4123700778487892
300,301,1,100,100,75,125,25,25,0.6,0.8765711048298807,0.5339868559837752
301,302,1,100,100,78,122,22,22,0.639344262295082,0.9332158731770874,0.36761399291386937
302,303,1,100,100,82,118,18,18,0.6949152542372882,0.9465643248092362,0.32670922207738645
303,304,1,100,100,77,123,23,23,0.6260162601626016,0.8946282792606439,0.4468537301137163
304,305,1,100,100,78,122,22,22,0.639344262295082,0.9258857971681526,0.3812071346084188
305,306,1,100,100,78,122,22,22,0.639344262295082,0.9167544961963512,0.408061866180039
306,307,1,100,100,78,122,22,22,0.639344262295082,0.9321372451427515,0.3692840839667636
307,308,1,100,100,82,118,18,18,0.6949152542372882,0.9249859064018804,0.39287638805561764
308,309,1,100,100,75,125,25,25,0.6,0.9039038780213319,0.44502835379978206
309,310,1,100,100,84,116,16,16,0.7241379310344828,0.9461431311296686,0.32613279985513405
310,311,1,100,100,82,118,18,18,0.6949152542372882,0.9340953267620733,0.36162279286043175
311,312,1,100,100,81,119,19,19,0.680672268907563,0.9074833322918927,0.4425017732910501
312,313,1,100,100,79,121,21,21,0.6528925619834711,0.8698391937470918,0.5012096217103353
313,314,1,100,100,84,116,16,16,0.7241379310344828,0.9323510800067697,0.37045719103180297
314,315,1,100,100,78,122,22,22,0.639344262295082,0.9050099276036222,0.42966892850238864
315,316,1,100,100,78,122,22,22,0.639344262295082,0.9127049304935304,0.41716802445140755
316,317,1,100,100,85,115,15,15,0.7391304347826086,0.9440330193088572,0.3335500872626277
317,318,1,100,100,82,118,18,18,0.6949152542372882,0.9318281398952631,0.3708149116566862
318,319,1,100,100,73,127,27,27,0.5748031496062992,0.9005211743948197,0.44226129528788466
319,320,1,100,100,74,126,26,26,0.5873015873015873,0.8592454909147245,0.5703018371351247
320,321,1,100,100,69,131,31,31,0.5267175572519084,0.90616856920586,0.43202931360362246
321,322,1,100,100,73,127,27,27,0.5748031496062992,0.9099443119194796,0.4381269274997085
322,323,1,100,100,73,127,27,27,0.5748031496062992,0.9163387617961656,0.4043707881179747
323,324,1,100,100,76,124,24,24,0.6129032258064516,0.9287618896551787,0.3735470931115462
324,325,1,100,100,71,129,29,29,0.5503875968992248,0.913555076965453,0.4184900689914654
325,326,1,100,100,75,125,25,25,0.6,0.9221528022556338,0.3926846218696293
326,327,1,100,100,85,115,15,15,0.7391304347826086,0.9620728090937268,0.2772664345568291
327,328,1,100,100,76,124,24,24,0.6129032258064516,0.9417915572498196,0.3397776790837634
328,329,1,100,100,77,123,23,23,0.6260162601626016,0.8975140784414444,0.44141118132998103
329,330,1,100,100,80,120,20,20,0.6666666666666666,0.9127228884051379,0.4206588948715857
330,331,1,100,100,79,121,21,21,0.6528925619834711,0.9265168485134048,0.3798826128346171
331,332,1,100,100,82,118,18,18,0.6949152542372882,0.923815299326147,0.3972435515552557
332,333,1,100,100,82,118,18,18,0.6949152542372882,0.9409054840424506,0.341456867640421
333,334,1,100,100,81,119,19,19,0.680672268907563,0.9230709576832181,0.39336469067713153
334,335,1,100,100,76,124,24,24,0.6129032258064516,0.8933121322013953,0.4977871606904046
335,336,1,100,100,79,121,21,21,0.6528925619834711,0.9386075112830726,0.3495316184843168
336,337,1,100,100,82,118,18,18,0.6949152542372882,0.9532899779412046,0.30645949397202676
337,345,8,100,100,74,126,26,26,0.5873015873015873,0.9126317002697446,0.42127333413072937
345,356,11,100,100,56,144,44,44,0.3888888888888889,0.7835973674788188,0.6314741213308338
356,357,1,100,100,76,124,24,24,0.6129032258064516,0.9114232881425474,0.41948375896600876
