graph_slot,graph_time,window_start,window_end_exclusive,window_steps,missing_cells,valid_for_pcmci,assigned_graph_slot
0,2023-01-08 00:00:00,2023-01-01 00:00:00,2023-01-08 00:00:00,2016,0,1,0
1,2023-01-09 00:00:00,2023-01-02 00:00:00,2023-01-09 00:00:00,2016,0,1,1
2,2023-01-10 00:00:00,2023-01-03 00:00:00,2023-01-10 00:00:00,2016,0,1,2
3,2023-01-11 00:00:00,2023-01-04 00:00:00,2023-01-11 00:00:00,2016,0,1,3
4,2023-01-12 00:00:00,2023-01-05 00:00:00,2023-01-12 00:00:00,2016,0,1,4
5,2023-01-13 00:00:00,2023-01-06 00:00:00,2023-01-13 00:00:00,2016,0,1,5
6,2023-01-14 00:00:00,2023-01-07 00:00:00,2023-01-14 00:00:00,2016,0,1,6
7,2023-01-15 00:00:00,2023-01-08 00:00:00,2023-01-15 00:00:00,2016,0,1,7
8,2023-01-16 00:00:00,2023-01-09 00:00:00,2023-01-16 00:00:00,2016,0,1,8
9,2023-01-17 00:00:00,2023-01-10 00:00:00,2023-01-17 00:00:00,2016,0,1,9
10,2023-01-18 00:00:00,2023-01-11 00:00:00,2023-01-18 00:00:00,2016,0,1,10
11,2023-01-19 00:00:00,2023-01-12 00:00:00,2023-01-19 00:00:00,2016,0,1,11
12,2023-01-20 00:00:00,2023-01-13 00:00:00,2023-01-20 00:00:00,2016,0,1,12
13,2023-01-21 00:00:00,2023-01-14 00:00:00,2023-01-21 00:00:00,2016,0,1,13
14,2023-01-22 00:00:00,2023-01-15 00:00:00,2023-01-22 00:00:00,2016,0,1,14
15,2023-01-23 00:00:00,2023-01-16 00:00:00,2023-01-23 00:00:00,2016,0,1,15
16,2023-01-24 00:00:00,2023-01-17 00:00:00,2023-01-24 00:00:00,2016,0,1,16
17,2023-01-25 00:00:00,2023-01-18 00:00:00,2023-01-25 00:00:00,2016,0,1,17
18,2023-01-26 00:00:00,2023-01-19 00:00:00,2023-01-26 00:00:00,2016,0,1,18
19,2023-01-27 00:00:00,2023-01-20 00:00:00,2023-01-27 00:00:00,2016,0,1,19
20,2023-01-28 00:00:00,2023-01-21 00:00:00,2023-01-28 00:00:00,2016,0,1,20
21,2023-01-29 00:00:00,2023-01-22 00:00:00,2023-01-29 00:00:00,2016,0,1,21
22,2023-01-30 00:00:00,2023-01-23 00:00:00,2023-01-30 00:00:00,2016,0,1,22
23,2023-01-31 00:00:00,2023-01-24 00:00:00,2023-01-31 00:00:00,2016,0,1,23
24,2023-02-01 00:00:00,2023-01-25 00:00:00,2023-02-01 00:00:00,2016,0,1,24
25,2023-02-02 00:00:00,2023-01-26 00:00:00,2023-02-02 00:00:00,2016,0,1,25
26,2023-02-03 00:00:00,2023-01-27 00:00:00,2023-02-03 00:00:00,2016,0,1,26
27,2023-02-04 00:00:00,2023-01-28 00:00:00,2023-02-04 00:00:00,2016,0,1,27
28,2023-02-05 00:00:00,2023-01-29 00:00:00,2023-02-05 00:00:00,2016,0,1,28
29,2023-02-06 00:00:00,2023-01-30 00:00:00,2023-02-06 00:00:00,2016,0,1,29
30,2023-02-07 00:00:00,2023-01-31 00:00:00,2023-02-07 00:00:00,2016,0,1,30
31,2023-02-08 00:00:00,2023-02-01 00:00:00,2023-02-08 00:00:00,2016,0,1,31
32,2023-02-09 00:00:00,2023-02-02 00:00:00,2023-02-09 00:00:00,2016,0,1,32
33,2023-02-10 00:00:00,2023-02-03 00:00:00,2023-02-10 00:00:00,2016,0,1,33
34,2023-02-11 00:00:00,2023-02-04 00:00:00,2023-02-11 00:00:00,2016,0,1,34
35,2023-02-12 00:00:00,2023-02-05 00:00:00,2023-02-12 00:00:00,2016,0,1,35
36,2023-02-13 00:00:00,2023-02-06 00:00:00,2023-02-13 00:00:00,2016,0,1,36
37,2023-02-14 00:00:00,2023-02-07 00:00:00,2023-02-14 00:00:00,2016,0,1,37
38,2023-02-15 00:00:00,2023-02-08 00:00:00,2023-02-15 00:00:00,2016,0,1,38
39,2023-02-16 00:00:00,2023-02-09 00:00:00,2023-02-16 00:00:00,2016,0,1,39
40,2023-02-17 00:00:00,2023-02-10 00:00:00,2023-02-17 00:00:00,2016,0,1,40
41,2023-02-18 00:00:00,2023-02-11 00:00:00,2023-02-18 00:00:00,2016,0,1,41
42,2023-02-19 00:00:00,2023-02-12 00:00:00,2023-02-19 00:00:00,2016,0,1,42
43,2023-02-20 00:00:00,2023-02-13 00:00:00,2023-02-20 00:00:00,2016,0,1,43
44,2023-02-21 00:00:00,2023-02-14 00:00:00,2023-02-21 00:00:00,2016,0,1,44
45,2023-02-22 00:00:00,2023-02-15 00:00:00,2023-02-22 00:00:00,2016,0,1,45
46,2023-02-23 00:00:00,2023-02-16 00:00:00,2023-02-23 00:00:00,2016,0,1,46
47,2023-02-24 00:00:00,2023-02-17 00:00:00,2023-02-24 00:00:00,2016,0,1,47
48,2023-02-25 00:00:00,2023-02-18 00:00:00,2023-02-25 00:00:00,2016,0,1,48
49,2023-02-26 00:00:00,2023-02-19 00:00:00,2023-02-26 00:00:00,2016,0,1,49
50,2023-02-27 00:00:00,2023-02-20 00:00:00,2023-02-27 00:00:00,2016,0,1,50
51,2023-02-28 00:00:00,2023-02-21 00:00:00,2023-02-28 00:00:00,2016,0,1,51
52,2023-03-01 00:00:00,2023-02-22 00:00:00,2023-03-01 00:00:00,2016,0,1,52
53,2023-03-02 00:00:00,2023-02-23 00:00:00,2023-03-02 00:00:00,2016,0,1,53
54,2023-03-03 00:00:00,2023-02-24 00:00:00,2023-03-03 00:00:00,2016,0,1,54
55,2023-03-04 00:00:00,2023-02-25 00:00:00,2023-03-04 00:00:00,2016,0,1,55
56,2023-03-05 00:00:00,2023-02-26 00:00:00,2023-03-05 00:00:00,2016,0,1,56
57,2023-03-06 00:00:00,2023-02-27 00:00:00,2023-03-06 00:00:00,2016,0,1,57
58,2023-03-07 00:00:00,2023-02-28 00:00:00,2023-03-07 00:00:00,2016,0,1,58
59,2023-03-08 00:00:00,2023-03-01 00:00:00,2023-03-08 00:00:00,2016,0,1,59
60,2023-03-09 00:00:00,2023-03-02 00:00:00,2023-03-09 00:00:00,2016,0,1,60
61,2023-03-10 00:00:00,2023-03-03 00:00:00,2023-03-10 00:00:00,2016,0,1,61
62,2023-03-11 00:00:00,2023-03-04 00:00:00,2023-03-11 00:00:00,2016,0,1,62
63,2023-03-12 00:00:00,2023-03-05 00:00:00,2023-03-12 00:00:00,2016,0,1,63
64,2023-03-13 00:00:00,2023-03-06 00:00:00,2023-03-13 00:00:00,2016,0,1,64
65,2023-03-14 00:00:00,2023-03-07 00:00:00,2023-03-14 00:00:00,2016,0,1,65
66,2023-03-15 00:00:00,2023-03-08 00:00:00,2023-03-15 00:00:00,2016,0,1,66
67,2023-03-16 00:00:00,2023-03-09 00:00:00,2023-03-16 00:00:00,2016,0,1,67
68,2023-03-17 00:00:00,2023-03-10 00:00:00,2023-03-17 00:00:00,2016,0,1,68
69,2023-03-18 00:00:00,2023-03-11 00:00:00,2023-03-18 00:00:00,2016,0,1,69
70,2023-03-19 00:00:00,2023-03-12 00:00:00,2023-03-19 00:00:00,2016,0,1,70
71,2023-03-20 00:00:00,2023-03-13 00:00:00,2023-03-20 00:00:00,2016,0,1,71
72,2023-03-21 00:00:00,2023-03-14 00:00:00,2023-03-21 00:00:00,2016,0,1,72
73,2023-03-22 00:00:00,2023-03-15 00:00:00,2023-03-22 00:00:00,2016,0,1,73
74,2023-03-23 00:00:00,2023-03-16 00:00:00,2023-03-23 00:00:00,2016,0,1,74
75,2023-03-24 00:00:00,2023-03-17 00:00:00,2023-03-24 00:00:00,2016,0,1,75
76,2023-03-25 00:00:00,2023-03-18 00:00:00,2023-03-25 00:00:00,2016,0,1,76
77,2023-03-26 00:00:00,2023-03-19 00:00:00,2023-03-26 00:00:00,2016,0,1,77
78,2023-03-27 00:00:00,2023-03-20 00:00:00,2023-03-27 00:00:00,2016,0,1,78
79,2023-03-28 00:00:00,2023-03-21 00:00:00,2023-03-28 00:00:00,2016,0,1,79
80,2023-03-29 00:00:00,2023-03-22 00:00:00,2023-03-29 00:00:00,2016,0,1,80
81,2023-03-30 00:00:00,2023-03-23 00:00:00,2023-03-30 00:00:00,2016,0,1,81
82,2023-03-31 00:00:00,2023-03-24 00:00:00,2023-03-31 00:00:00,2016,0,1,82
83,2023-04-01 00:00:00,2023-03-25 00:00:00,2023-04-01 00:00:00,2016,0,1,83
84,2023-04-02 00:00:00,2023-03-26 00:00:00,2023-04-02 00:00:00,2016,0,1,84
85,2023-04-03 00:00:00,2023-03-27 00:00:00,2023-04-03 00:00:00,2016,0,1,85
86,2023-04-04 00:00:00,2023-03-28 00:00:00,2023-04-04 00:00:00,2016,0,1,86
87,2023-04-05 00:00:00,2023-03-29 00:00:00,2023-04-05 00:00:00,2016,0,1,87
88,2023-04-06 00:00:00,2023-03-30 00:00:00,2023-04-06 00:00:00,2016,0,1,88
89,2023-04-07 00:00:00,2023-03-31 00:00:00,2023-04-07 00:00:00,2016,0,1,89
90,2023-04-08 00:00:00,2023-04-01 00:00:00,2023-04-08 00:00:00,2016,0,1,90
91,2023-04-09 00:00:00,2023-04-02 00:00:00,2023-04-09 00:00:00,2016,0,1,91
92,2023-04-10 00:00:00,2023-04-03 00:00:00,2023-04-10 00:00:00,2016,0,1,92
93,2023-04-11 00:00:00,2023-04-04 00:00:00,2023-04-11 00:00:00,2016,0,1,93
94,2023-04-12 00:00:00,2023-04-05 00:00:00,2023-04-12 00:00:00,2016,0,1,94
95,2023-04-13 00:00:00,2023-04-06 00:00:00,2023-04-13 00:00:00,2016,0,1,95
96,2023-04-14 00:00:00,2023-04-07 00:00:00,2023-04-14 00:00:00,2016,0,1,96
97,2023-04-15 00:00:00,2023-04-08 00:00:00,2023-04-15 00:00:00,2016,0,1,97
98,2023-04-16 00:00:00,2023-04-09 00:00:00,2023-04-16 00:00:00,2016,0,1,98
99,2023-04-17 00:00:00,2023-04-10 00:00:00,2023-04-17 00:00:00,2016,0,1,99
100,2023-04-18 00:00:00,2023-04-11 00:00:00,2023-04-18 00:00:00,2016,0,1,100
101,2023-04-19 00:00:00,2023-04-12 00:00:00,2023-04-19 00:00:00,2016,0,1,101
102,2023-04-20 00:00:00,2023-04-13 00:00:00,2023-04-20 00:00:00,2016,0,1,102
103,2023-04-21 00:00:00,2023-04-14 00:00:00,2023-04-21 00:00:00,2016,0,1,103
104,2023-04-22 00:00:00,2023-04-15 00:00:00,2023-04-22 00:00:00,2016,0,1,104
105,2023-04-23 00:00:00,2023-04-16 00:00:00,2023-04-23 00:00:00,2016,0,1,105
106,2023-04-24 00:00:00,2023-04-17 00:00:00,2023-04-24 00:00:00,2016,0,1,106
107,2023-04-25 00:00:00,2023-04-18 00:00:00,2023-04-25 00:00:00,2016,0,1,107
108,2023-04-26 00:00:00,2023-04-19 00:00:00,2023-04-26 00:00:00,2016,0,1,108
109,2023-04-27 00:00:00,2023-04-20 00:00:00,2023-04-27 00:00:00,2016,0,1,109
110,2023-04-28 00:00:00,2023-04-21 00:00:00,2023-04-28 00:00:00,2016,0,1,110
111,2023-04-29 00:00:00,2023-04-22 00:00:00,2023-04-29 00:00:00,2016,0,1,111
112,2023-04-30 00:00:00,2023-04-23 00:00:00,2023-04-30 00:00:00,2016,0,1,112
113,2023-05-01 00:00:00,2023-04-24 00:00:00,2023-05-01 00:00:00,2016,0,1,113
114,2023-05-02 00:00:00,2023-04-25 00:00:00,2023-05-02 00:00:00,2016,0,1,114
115,2023-05-03 00:00:00,2023-04-26 00:00:00,2023-05-03 00:00:00,2016,0,1,115
116,2023-05-04 00:00:00,2023-04-27 00:00:00,2023-05-04 00:00:00,2016,0,1,116
117,2023-05-05 00:00:00,2023-04-28 00:00:00,2023-05-05 00:00:00,2016,0,1,117
118,2023-05-06 00:00:00,2023-04-29 00:00:00,2023-05-06 00:00:00,2016,0,1,118
119,2023-05-07 00:00:00,2023-04-30 00:00:00,2023-05-07 00:00:00,2016,0,1,119
120,2023-05-08 00:00:00,2023-05-01 00:00:00,2023-05-08 00:00:00,2016,0,1,120
121,2023-05-09 00:00:00,2023-05-02 00:00:00,2023-05-09 00:00:00,2016,0,1,121
122,2023-05-10 00:00:00,2023-05-03 00:00:00,2023-05-10 00:00:00,2016,0,1,122
123,2023-05-11 00:00:00,2023-05-04 00:00:00,2023-05-11 00:00:00,2016,0,1,123
124,2023-05-12 00:00:00,2023-05-05 00:00:00,2023-05-12 00:00:00,2016,0,1,124
125,2023-05-13 00:00:00,2023-05-06 00:00:00,2023-05-13 00:00:00,2016,0,1,125
126,2023-05-14 00:00:00,2023-05-07 00:00:00,2023-05-14 00:00:00,2016,0,1,126
127,2023-05-15 00:00:00,2023-05-08 00:00:00,2023-05-15 00:00:00,2016,0,1,127
128,2023-05-16 00:00:00,2023-05-09 00:00:00,2023-05-16 00:00:00,2016,0,1,128
129,2023-05-17 00:00:00,2023-05-10 00:00:00,2023-05-17 00:00:00,2016,0,1,129
130,2023-05-18 00:00:00,2023-05-11 00:00:00,2023-05-18 00:00:00,2016,0,1,130
131,2023-05-19 00:00:00,2023-05-12 00:00:00,2023-05-19 00:00:00,2016,0,1,131
132,2023-05-20 00:00:00,2023-05-13 00:00:00,2023-05-20 00:00:00,2016,0,1,132
133,2023-05-21 00:00:00,2023-05-14 00:00:00,2023-05-21 00:00:00,2016,0,1,133
134,2023-05-22 00:00:00,2023-05-15 00:00:00,2023-05-22 00:00:00,2016,0,1,134
135,2023-05-23 00:00:00,2023-05-16 00:00:00,2023-05-23 00:00:00,2016,0,1,135
136,2023-05-24 00:00:00,2023-05-17 00:00:00,2023-05-24 00:00:00,2016,0,1,136
137,2023-05-25 00:00:00,2023-05-18 00:00:00,2023-05-25 00:00:00,2016,0,1,137
138,2023-05-26 00:00:00,2023-05-19 00:00:00,2023-05-26 00:00:00,2016,0,1,138
139,2023-05-27 00:00:00,2023-05-20 00:00:00,2023-05-27 00:00:00,2016,0,1,139
140,2023-05-28 00:00:00,2023-05-21 00:00:00,2023-05-28 00:00:00,2016,0,1,140
141,2023-05-29 00:00:00,2023-05-22 00:00:00,2023-05-29 00:00:00,2016,0,1,141
142,2023-05-30 00:00:00,2023-05-23 00:00:00,2023-05-30 00:00:00,2016,0,1,142
143,2023-05-31 00:00:00,2023-05-24 00:00:00,2023-05-31 00:00:00,2016,0,1,143
144,2023-06-01 00:00:00,2023-05-25 00:00:00,2023-06-01 00:00:00,2016,0,1,144
145,2023-06-02 00:00:00,2023-05-26 00:00:00,2023-06-02 00:00:00,2016,0,1,145
146,2023-06-03 00:00:00,2023-05-27 00:00:00,2023-06-03 00:00:00,2016,0,1,146
147,2023-06-04 00:00:00,2023-05-28 00:00:00,2023-06-04 00:00:00,2016,0,1,147
148,2023-06-05 00:00:00,2023-05-29 00:00:00,2023-06-05 00:00:00,2016,0,1,148
149,2023-06-06 00:00:00,2023-05-30 00:00:00,2023-06-06 00:00:00,2016,0,1,149
150,2023-06-07 00:00:00,2023-05-31 00:00:00,2023-06-07 00:00:00,2016,0,1,150
151,2023-06-08 00:00:00,2023-06-01 00:00:00,2023-06-08 00:00:00,2016,0,1,151
152,2023-06-09 00:00:00,2023-06-02 00:00:00,2023-06-09 00:00:00,2016,0,1,152
153,2023-06-10 00:00:00,2023-06-03 00:00:00,2023-06-10 00:00:00,2016,0,1,153
154,2023-06-11 00:00:00,2023-06-04 00:00:00,2023-06-11 00:00:00,2016,0,1,154
155,2023-06-12 00:00:00,2023-06-05 00:00:00,2023-06-12 00:00:00,2016,0,1,155
156,2023-06-13 00:00:00,2023-06-06 00:00:00,2023-06-13 00:00:00,2016,0,1,156
157,2023-06-14 00:00:00,2023-06-07 00:00:00,2023-06-14 00:00:00,2016,0,1,157
158,2023-06-15 00:00:00,2023-06-08 00:00:00,2023-06-15 00:00:00,2016,0,1,158
159,2023-06-16 00:00:00,2023-06-09 00:00:00,2023-06-16 00:00:00,2016,0,1,159
160,2023-06-17 00:00:00,2023-06-10 00:00:00,2023-06-17 00:00:00,2016,0,1,160
161,2023-06-18 00:00:00,2023-06-11 00:00:00,2023-06-18 00:00:00,2016,0,1,161
162,2023-06-19 00:00:00,2023-06-12 00:00:00,2023-06-19 00:00:00,2016,0,1,162
163,2023-06-20 00:00:00,2023-06-13 00:00:00,2023-06-20 00:00:00,2016,0,1,163
164,2023-06-21 00:00:00,2023-06-14 00:00:00,2023-06-21 00:00:00,2016,0,1,164
165,2023-06-22 00:00:00,2023-06-15 00:00:00,2023-06-22 00:00:00,2016,0,1,165
166,2023-06-23 00:00:00,2023-06-16 00:00:00,2023-06-23 00:00:00,2016,0,1,166
167,2023-06-24 00:00:00,2023-06-17 00:00:00,2023-06-24 00:00:00,2016,0,1,167
168,2023-06-25 00:00:00,2023-06-18 00:00:00,2023-06-25 00:00:00,2016,0,1,168
169,2023-06-26 00:00:00,2023-06-19 00:00:00,2023-06-26 00:00:00,2016,0,1,169
170,2023-06-27 00:00:00,2023-06-20 00:00:00,2023-06-27 00:00:00,2016,0,1,170
171,2023-06-28 00:00:00,2023-06-21 00:00:00,2023-06-28 00:00:00,2016,0,1,171
172,2023-06-29 00:00:00,2023-06-22 00:00:00,2023-06-29 00:00:00,2016,0,1,172
173,2023-06-30 00:00:00,2023-06-23 00:00:00,2023-06-30 00:00:00,2016,0,1,173
174,2023-07-01 00:00:00,2023-06-24 00:00:00,2023-07-01 00:00:00,2016,0,1,174
175,2023-07-02 00:00:00,2023-06-25 00:00:00,2023-07-02 00:00:00,2016,0,1,175
176,2023-07-03 00:00:00,2023-06-26 00:00:00,2023-07-03 00:00:00,2016,0,1,176
177,2023-07-04 00:00:00,2023-06-27 00:00:00,2023-07-04 00:00:00,2016,0,1,177
178,2023-07-05 00:00:00,2023-06-28 00:00:00,2023-07-05 00:00:00,2016,0,1,178
179,2023-07-06 00:00:00,2023-06-29 00:00:00,2023-07-06 00:00:00,2016,0,1,179
180,2023-07-07 00:00:00,2023-06-30 00:00:00,2023-07-07 00:00:00,2016,0,1,180
181,2023-07-08 00:00:00,2023-07-01 00:00:00,2023-07-08 00:00:00,2016,0,1,181
182,2023-07-09 00:00:00,2023-07-02 00:00:00,2023-07-09 00:00:00,2016,0,1,182
183,2023-07-10 00:00:00,2023-07-03 00:00:00,2023-07-10 00:00:00,2016,0,1,183
184,2023-07-11 00:00:00,2023-07-04 00:00:00,2023-07-11 00:00:00,2016,0,1,184
185,2023-07-12 00:00:00,2023-07-05 00:00:00,2023-07-12 00:00:00,2016,0,1,185
186,2023-07-13 00:00:00,2023-07-06 00:00:00,2023-07-13 00:00:00,2016,0,1,186
187,2023-07-14 00:00:00,2023-07-07 00:00:00,2023-07-14 00:00:00,2016,0,1,187
188,2023-07-15 00:00:00,2023-07-08 00:00:00,2023-07-15 00:00:00,2016,0,1,188
189,2023-07-16 00:00:00,2023-07-09 00:00:00,2023-07-16 00:00:00,2016,0,1,189
190,2023-07-17 00:00:00,2023-07-10 00:00:00,2023-07-17 00:00:00,2016,0,1,190
191,2023-07-18 00:00:00,2023-07-11 00:00:00,2023-07-18 00:00:00,2016,0,1,191
192,2023-07-19 00:00:00,2023-07-12 00:00:00,2023-07-19 00:00:00,2016,0,1,192
193,2023-07-20 00:00:00,2023-07-13 00:00:00,2023-07-20 00:00:00,2016,0,1,193
194,2023-07-21 00:00:00,2023-07-14 00:00:00,2023-07-21 00:00:00,2016,0,1,194
195,2023-07-22 00:00:00,2023-07-15 00:00:00,2023-07-22 00:00:00,2016,0,1,195
196,2023-07-23 00:00:00,2023-07-16 00:00:00,2023-07-23 00:00:00,2016,0,1,196
197,2023-07-24 00:00:00,2023-07-17 00:00:00,2023-07-24 00:00:00,2016,0,1,197
198,2023-07-25 00:00:00,2023-07-18 00:00:00,2023-07-25 00:00:00,2016,0,1,198
199,2023-07-26 00:00:00,2023-07-19 00:00:00,2023-07-26 00:00:00,2016,0,1,199
200,2023-07-27 00:00:00,2023-07-20 00:00:00,2023-07-27 00:00:00,2016,0,1,200
201,2023-07-28 00:00:00,2023-07-21 00:00:00,2023-07-28 00:00:00,2016,0,1,201
202,2023-07-29 00:00:00,2023-07-22 00:00:00,2023-07-29 00:00:00,2016,0,1,202
203,2023-07-30 00:00:00,2023-07-23 00:00:00,2023-07-30 00:00:00,2016,0,1,203
204,2023-07-31 00:00:00,2023-07-24 00:00:00,2023-07-31 00:00:00,2016,0,1,204
205,2023-08-01 00:00:00,2023-07-25 00:00:00,2023-08-01 00:00:00,2016,0,1,205
206,2023-08-02 00:00:00,2023-07-26 00:00:00,2023-08-02 00:00:00,2016,0,1,206
207,2023-08-03 00:00:00,2023-07-27 00:00:00,2023-08-03 00:00:00,2016,0,1,207
208,2023-08-04 00:00:00,2023-07-28 00:00:00,2023-08-04 00:00:00,2016,0,1,208
209,2023-08-05 00:00:00,2023-07-29 00:00:00,2023-08-05 00:00:00,2016,0,1,209
210,2023-08-06 00:00:00,2023-07-30 00:00:00,2023-08-06 00:00:00,2016,0,1,210
211,2023-08-07 00:00:00,2023-07-31 00:00:00,2023-08-07 00:00:00,2016,0,1,211
212,2023-08-08 00:00:00,2023-08-01 00:00:00,2023-08-08 00:00:00,2016,0,1,212
213,2023-08-09 00:00:00,2023-08-02 00:00:00,2023-08-09 00:00:00,2016,0,1,213
214,2023-08-10 00:00:00,2023-08-03 00:00:00,2023-08-10 00:00:00,2016,0,1,214
215,2023-08-11 00:00:00,2023-08-04 00:00:00,2023-08-11 00:00:00,2016,0,1,215
216,2023-08-12 00:00:00,2023-08-05 00:00:00,2023-08-12 00:00:00,2016,0,1,216
217,2023-08-13 00:00:00,2023-08-06 00:00:00,2023-08-13 00:00:00,2016,0,1,217
218,2023-08-14 00:00:00,2023-08-07 00:00:00,2023-08-14 00:00:00,2016,0,1,218
219,2023-08-15 00:00:00,2023-08-08 00:00:00,2023-08-15 00:00:00,2016,0,1,219
220,2023-08-16 00:00:00,2023-08-09 00:00:00,2023-08-16 00:00:00,2016,0,1,220
221,2023-08-17 00:00:00,2023-08-10 00:00:00,2023-08-17 00:00:00,2016,0,1,221
222,2023-08-18 00:00:00,2023-08-11 00:00:00,2023-08-18 00:00:00,2016,0,1,222
223,2023-08-19 00:00:00,2023-08-12 00:00:00,2023-08-19 00:00:00,2016,0,1,223
224,2023-08-20 00:00:00,2023-08-13 00:00:00,2023-08-20 00:00:00,2016,0,1,224
225,2023-08-21 00:00:00,2023-08-14 00:00:00,2023-08-21 00:00:00,2016,0,1,225
226,2023-08-22 00:00:00,2023-08-15 00:00:00,2023-08-22 00:00:00,2016,0,1,226
227,2023-08-23 00:00:00,2023-08-16 00:00:00,2023-08-23 00:00:00,2016,0,1,227
228,2023-08-24 00:00:00,2023-08-17 00:00:00,2023-08-24 00:00:00,2016,0,1,228
229,2023-08-25 00:00:00,2023-08-18 00:00:00,2023-08-25 00:00:00,2016,0,1,229
230,2023-08-26 00:00:00,2023-08-19 00:00:00,2023-08-26 00:00:00,2016,0,1,230
231,2023-08-27 00:00:00,2023-08-20 00:00:00,2023-08-27 00:00:00,2016,0,1,231
232,2023-08-28 00:00:00,2023-08-21 00:00:00,2023-08-28 00:00:00,2016,0,1,232
233,2023-08-29 00:00:00,2023-08-22 00:00:00,2023-08-29 00:00:00,2016,0,1,233
234,2023-08-30 00:00:00,2023-08-23 00:00:00,2023-08-30 00:00:00,2016,0,1,234
235,2023-08-31 00:00:00,2023-08-24 00:00:00,2023-08-31 00:00:00,2016,0,1,235
236,2023-09-01 00:00:00,2023-08-25 00:00:00,2023-09-01 00:00:00,2016,0,1,236
237,2023-09-02 00:00:00,2023-08-26 00:00:00,2023-09-02 00:00:00,2016,0,1,237
238,2023-09-03 00:00:00,2023-08-27 00:00:00,2023-09-03 00:00:00,2016,0,1,238
239,2023-09-04 00:00:00,2023-08-28 00:00:00,2023-09-04 00:00:00,2016,0,1,239
240,2023-09-05 00:00:00,2023-08-29 00:00:00,2023-09-05 00:00:00,2016,0,1,240
241,2023-09-06 00:00:00,2023-08-30 00:00:00,2023-09-06 00:00:00,2016,0,1,241
242,2023-09-07 00:00:00,2023-08-31 00:00:00,2023-09-07 00:00:00,2016,0,1,242
243,2023-09-08 00:00:00,2023-09-01 00:00:00,2023-09-08 00:00:00,2016,0,1,243
244,2023-09-09 00:00:00,2023-09-02 00:00:00,2023-09-09 00:00:00,2016,0,1,244
245,2023-09-10 00:00:00,2023-09-03 00:00:00,2023-09-10 00:00:00,2016,0,1,245
246,2023-09-11 00:00:00,2023-09-04 00:00:00,2023-09-11 00:00:00,2016,0,1,246
247,2023-09-12 00:00:00,2023-09-05 00:00:00,2023-09-12 00:00:00,2016,0,1,247
248,2023-09-13 00:00:00,2023-09-06 00:00:00,2023-09-13 00:00:00,2016,0,1,248
249,2023-09-14 00:00:00,2023-09-07 00:00:00,2023-09-14 00:00:00,2016,0,1,249
250,2023-09-15 00:00:00,2023-09-08 00:00:00,2023-09-15 00:00:00,2016,0,1,250
251,2023-09-16 00:00:00,2023-09-09 00:00:00,2023-09-16 00:00:00,2016,0,1,251
252,2023-09-17 00:00:00,2023-09-10 00:00:00,2023-09-17 00:00:00,2016,0,1,252
253,2023-09-18 00:00:00,2023-09-11 00:00:00,2023-09-18 00:00:00,2016,0,1,253
254,2023-09-19 00:00:00,2023-09-12 00:00:00,2023-09-19 00:00:00,2016,0,1,254
255,2023-09-20 00:00:00,2023-09-13 00:00:00,2023-09-20 00:00:00,2016,0,1,255
256,2023-09-21 00:00:00,2023-09-14 00:00:00,2023-09-21 00:00:00,2016,0,1,256
257,2023-09-22 00:00:00,2023-09-15 00:00:00,2023-09-22 00:00:00,2016,0,1,257
258,2023-09-23 00:00:00,2023-09-16 00:00:00,2023-09-23 00:00:00,2016,0,1,258
259,2023-09-24 00:00:00,2023-09-17 00:00:00,2023-09-24 00:00:00,2016,0,1,259
260,2023-09-25 00:00:00,2023-09-18 00:00:00,2023-09-25 00:00:00,2016,0,1,260
261,2023-09-26 00:00:00,2023-09-19 00:00:00,2023-09-26 00:00:00,2016,0,1,261
262,2023-09-27 00:00:00,2023-09-20 00:00:00,2023-09-27 00:00:00,2016,0,1,262
263,2023-09-28 00:00:00,2023-09-21 00:00:00,2023-09-28 00:00:00,2016,0,1,263
264,2023-09-29 00:00:00,2023-09-22 00:00:00,2023-09-29 00:00:00,2016,0,1,264
265,2023-09-30 00:00:00,2023-09-23 00:00:00,2023-09-30 00:00:00,2016,0,1,265
266,2023-10-01 00:00:00,2023-09-24 00:00:00,2023-10-01 00:00:00,2016,0,1,266
267,2023-10-02 00:00:00,2023-09-25 00:00:00,2023-10-02 00:00:00,2016,0,1,267
268,2023-10-03 00:00:00,2023-09-26 00:00:00,2023-10-03 00:00:00,2016,0,1,268
269,2023-10-04 00:00:00,2023-09-27 00:00:00,2023-10-04 00:00:00,2016,0,1,269
270,2023-10-05 00:00:00,2023-09-28 00:00:00,2023-10-05 00:00:00,2016,0,1,270
271,2023-10-06 00:00:00,2023-09-29 00:00:00,2023-10-06 00:00:00,2016,0,1,271
272,2023-10-07 00:00:00,2023-09-30 00:00:00,2023-10-07 00:00:00,2016,0,1,272
273,2023-10-08 00:00:00,2023-10-01 00:00:00,2023-10-08 00:00:00,2016,0,1,273
274,2023-10-09 00:00:00,2023-10-02 00:00:00,2023-10-09 00:00:00,2016,0,1,274
275,2023-10-10 00:00:00,2023-10-03 00:00:00,2023-10-10 00:00:00,2016,0,1,275
276,2023-10-11 00:00:00,2023-10-04 00:00:00,2023-10-11 00:00:00,2016,0,1,276
277,2023-10-12 00:00:00,2023-10-05 00:00:00,2023-10-12 00:00:00,2016,0,1,277
278,2023-10-13 00:00:00,2023-10-06 00:00:00,2023-10-13 00:00:00,2016,0,1,278
279,2023-10-14 00:00:00,2023-10-07 00:00:00,2023-10-14 00:00:00,2016,0,1,279
280,2023-10-15 00:00:00,2023-10-08 00:00:00,2023-10-15 00:00:00,2016,0,1,280
281,2023-10-16 00:00:00,2023-10-09 00:00:00,2023-10-16 00:00:00,2016,0,1,281
282,2023-10-17 00:00:00,2023-10-10 00:00:00,2023-10-17 00:00:00,2016,0,1,282
283,2023-10-18 00:00:00,2023-10-11 00:00:00,2023-10-18 00:00:00,2016,0,1,283
284,2023-10-19 00:00:00,2023-10-12 00:00:00,2023-10-19 00:00:00,2016,0,1,284
285,2023-10-20 00:00:00,2023-10-13 00:00:00,2023-10-20 00:00:00,2016,0,1,285
286,2023-10-21 00:00:00,2023-10-14 00:00:00,2023-10-21 00:00:00,2016,0,1,286
287,2023-10-22 00:00:00,2023-10-15 00:00:00,2023-10-22 00:00:00,2016,0,1,287
288,2023-10-23 00:00:00,2023-10-16 00:00:00,2023-10-23 00:00:00,2016,0,1,288
289,2023-10-24 00:00:00,2023-10-17 00:00:00,2023-10-24 00:00:00,2016,0,1,289
290,2023-10-25 00:00:00,2023-10-18 00:00:00,2023-10-25 00:00:00,2016,0,1,290
291,2023-10-26 00:00:00,2023-10-19 00:00:00,2023-10-26 00:00:00,2016,0,1,291
292,2023-10-27 00:00:00,2023-10-20 00:00:00,2023-10-27 00:00:00,2016,0,1,292
293,2023-10-28 00:00:00,2023-10-21 00:00:00,2023-10-28 00:00:00,2016,0,1,293
294,2023-10-29 00:00:00,2023-10-22 00:00:00,2023-10-29 00:00:00,2016,0,1,294
295,2023-10-30 00:00:00,2023-10-23 00:00:00,2023-10-30 00:00:00,2016,0,1,295
296,2023-10-31 00:00:00,2023-10-24 00:00:00,2023-10-31 00:00:00,2016,0,1,296
297,2023-11-01 00:00:00,2023-10-25 00:00:00,2023-11-01 00:00:00,2016,0,1,297
298,2023-11-02 00:00:00,2023-10-26 00:00:00,2023-11-02 00:00:00,2016,0,1,298
299,2023-11-03 00:00:00,2023-10-27 00:00:00,2023-11-03 00:00:00,2016,0,1,299
300,2023-11-04 00:00:00,2023-10-28 00:00:00,2023-11-04 00:00:00,2016,0,1,300
301,2023-11-05 00:00:00,2023-10-29 00:00:00,2023-11-05 00:00:00,2016,0,1,301
302,2023-11-06 00:00:00,2023-10-30 00:00:00,2023-11-06 00:00:00,2016,0,1,302
303,2023-11-07 00:00:00,2023-10-31 00:00:00,2023-11-07 00:00:00,2016,0,1,303
304,2023-11-08 00:00:00,2023-11-01 00:00:00,2023-11-08 00:00:00,2016,0,1,304
305,2023-11-09 00:00:00,2023-11-02 00:00:00,2023-11-09 00:00:00,2016,0,1,305
306,2023-11-10 00:00:00,2023-11-03 00:00:00,2023-11-10 00:00:00,2016,0,1,306
307,2023-11-11 00:00:00,2023-11-04 00:00:00,2023-11-11 00:00:00,2016,0,1,307
308,2023-11-12 00:00:00,2023-11-05 00:00:00,2023-11-12 00:00:00,2016,0,1,308
309,2023-11-13 00:00:00,2023-11-06 00:00:00,2023-11-13 00:00:00,2016,0,1,309
310,2023-11-14 00:00:00,2023-11-07 00:00:00,2023-11-14 00:00:00,2016,0,1,310
311,2023-11-15 00:00:00,2023-11-08 00:00:00,2023-11-15 00:00:00,2016,0,1,311
312,2023-11-16 00:00:00,2023-11-09 00:00:00,2023-11-16 00:00:00,2016,0,1,312
313,2023-11-17 00:00:00,2023-11-10 00:00:00,2023-11-17 00:00:00,2016,0,1,313
314,2023-11-18 00:00:00,2023-11-11 00:00:00,2023-11-18 00:00:00,2016,0,1,314
315,2023-11-19 00:00:00,2023-11-12 00:00:00,2023-11-19 00:00:00,2016,0,1,315
316,2023-11-20 00:00:00,2023-11-13 00:00:00,2023-11-20 00:00:00,2016,0,1,316
317,2023-11-21 00:00:00,2023-11-14 00:00:00,2023-11-21 00:00:00,2016,0,1,317
318,2023-11-22 00:00:00,2023-11-15 00:00:00,2023-11-22 00:00:00,2016,0,1,318
319,2023-11-23 00:00:00,2023-11-16 00:00:00,2023-11-23 00:00:00,2016,0,1,319
320,2023-11-24 00:00:00,2023-11-17 00:00:00,2023-11-24 00:00:00,2016,0,1,320
321,2023-11-25 00:00:00,2023-11-18 00:00:00,2023-11-25 00:00:00,2016,0,1,321
322,2023-11-26 00:00:00,2023-11-19 00:00:00,2023-11-26 00:00:00,2016,0,1,322
323,2023-11-27 00:00:00,2023-11-20 00:00:00,2023-11-27 00:00:00,2016,0,1,323
324,2023-11-28 00:00:00,2023-11-21 00:00:00,2023-11-28 00:00:00,2016,0,1,324
325,2023-11-29 00:00:00,2023-11-22 00:00:00,2023-11-29 00:00:00,2016,0,1,325
326,2023-11-30 00:00:00,2023-11-23 00:00:00,2023-11-30 00:00:00,2016,0,1,326
327,2023-12-01 00:00:00,2023-11-24 00:00:00,2023-12-01 00:00:00,2016,0,1,327
328,2023-12-02 00:00:00,2023-11-25 00:00:00,2023-12-02 00:00:00,2016,0,1,328
329,2023-12-03 00:00:00,2023-11-26 00:00:00,2023-12-03 00:00:00,2016,0,1,329
330,2023-12-04 00:00:00,2023-11-27 00:00:00,2023-12-04 00:00:00,2016,0,1,330
331,2023-12-05 00:00:00,2023-11-28 00:00:00,2023-12-05 00:00:00,2016,0,1,331
332,2023-12-06 00:00:00,2023-11-29 00:00:00,2023-12-06 00:00:00,2016,0,1,332
333,2023-12-07 00:00:00,2023-11-30 00:00:00,2023-12-07 00:00:00,2016,0,1,333
334,2023-12-08 00:00:00,2023-12-01 00:00:00,2023-12-08 00:00:00,2016,0,1,334
335,2023-12-09 00:00:00,2023-12-02 00:00:00,2023-12-09 00:00:00,2016,0,1,335
336,2023-12-10 00:00:00,2023-12-03 00:00:00,2023-12-10 00:00:00,2016,0,1,336
337,2023-12-11 00:00:00,2023-12-04 00:00:00,2023-12-11 00:00:00,2016,0,1,337
338,2023-12-12 00:00:00,2023-12-05 00:00:00,2023-12-12 00:00:00,2016,6693,0,337
339,2023-12-13 00:00:00,2023-12-06 00:00:00,2023-12-13 00:00:00,2016,6693,0,337
340,2023-12-14 00:00:00,2023-12-07 00:00:00,2023-12-14 00:00:00,2016,6693,0,337
341,2023-12-15 00:00:00,2023-12-08 00:00:00,2023-12-15 00:00:00,2016,6693,0,337
342,2023-12-16 00:00:00,2023-12-09 00:00:00,2023-12-16 00:00:00,2016,6693,0,337
343,2023-12-17 00:00:00,2023-12-10 00:00:00,2023-12-17 00:00:00,2016,6693,0,337
344,2023-12-18 00:00:00,2023-12-11 00:00:00,2023-12-18 00:00:00,2016,6693,0,337
345,2023-12-19 00:00:00,2023-12-12 00:00:00,2023-12-19 00:00:00,2016,0,1,345
346,2023-12-20 00:00:00,2023-12-13 00:00:00,2023-12-20 00:00:00,2016,2583,0,345
347,2023-12-21 00:00:00,2023-12-14 00:00:00,2023-12-21 00:00:00,2016,5175,0,345
348,2023-12-22 00:00:00,2023-12-15 00:00:00,2023-12-22 00:00:00,2016,7767,0,345
349,2023-12-23 00:00:00,2023-12-16 00:00:00,2023-12-23 00:00:00,2016,7776,0,345
350,2023-12-24 00:00:00,2023-12-17 00:00:00,2023-12-24 00:00:00,2016,7776,0,345
351,2023-12-25 00:00:00,2023-12-18 00:00:00,2023-12-25 00:00:00,2016,7776,0,345
352,2023-12-26 00:00:00,2023-12-19 00:00:00,2023-12-26 00:00:00,2016,7776,0,345
353,2023-12-27 00:00:00,2023-12-20 00:00:00,2023-12-27 00:00:00,2016,5193,0,345
354,2023-12-28 00:00:00,2023-12-21 00:00:00,2023-12-28 00:00:00,2016,2601,0,345
355,2023-12-29 00:00:00,2023-12-22 00:00:00,2023-12-29 00:00:00,2016,9,0,345
356,2023-12-30 00:00:00,2023-12-23 00:00:00,2023-12-30 00:00:00,2016,0,1,356
357,2023-12-31 00:00:00,2023-12-24 00:00:00,2023-12-31 00:00:00,2016,0,1,357
